Workbook

Sheet Data
A1: Rice cv. IR-64 | Endophyte inoculation × NaCl | 4 treatments × 4 NaCl levels × 4 replicates = 64 pots | Harvest at 45 DAS
A2: Fill the shaded cells (one row per pot; mean of the 3 plants in the pot). Leave a cell blank if not measured. Grey columns calculate automatically.
A4: Pot ID | B4: Treatment | C4: NaCl (mM) | D4: Replicate | E4: Bench position | F4: Plant height (cm) | G4: No. of leaves | H4: Leaf area (cm²/plant) | I4: Shoot fresh weight (g) | J4: Shoot dry weight (g) | K4: Root length (cm) | L4: Root fresh weight (g) | M4: Root dry weight (g) | N4: Root/shoot ratio | O4: Root volume (cm³) | P4: Root surface area (cm²) | Q4: Relative water content (%) | R4: Electrolyte leakage (%) | S4: Chlorophyll a (mg/g FW) | T4: Chlorophyll b (mg/g FW) | U4: Total chlorophyll (mg/g FW) | V4: Carotenoids (mg/g FW) | W4: Proline (µmol/g FW) | X4: Soluble sugars (mg/g FW) | Y4: Soluble protein (mg/g FW) | Z4: MDA (nmol/g FW) | AA4: H₂O₂ (µmol/g FW) | AB4: SOD (U/mg protein) | AC4: CAT (µmol/min/mg protein) | AD4: POD (µmol/min/mg protein) | AE4: APX (µmol/min/mg protein) | AF4: Leaf Na⁺ (mg/g DW) | AG4: Leaf K⁺ (mg/g DW) | AH4: Leaf K⁺/Na⁺ ratio | AI4: Root Na⁺ (mg/g DW) | AJ4: Root K⁺ (mg/g DW) | AK4: Root K⁺/Na⁺ ratio | AL4: Leaf Ca²⁺ (mg/g DW) | AM4: Leaf Mg²⁺ (mg/g DW) | AN4: Remarks
A5: P01 | B5: Control | C5: 0 | D5: 1 | E5: 60 | N5: =IF(OR(M5="",J5=""),"",M5/J5) | U5: =IF(OR(S5="",T5=""),"",S5+T5) | AH5: =IF(OR(AG5="",AF5=""),"",(AG5/39.1)/(AF5/22.99)) | AK5: =IF(OR(AJ5="",AI5=""),"",(AJ5/39.1)/(AI5/22.99))
A6: P02 | B6: Control | C6: 0 | D6: 2 | E6: 46 | N6: =IF(OR(M6="",J6=""),"",M6/J6) | U6: =IF(OR(S6="",T6=""),"",S6+T6) | AH6: =IF(OR(AG6="",AF6=""),"",(AG6/39.1)/(AF6/22.99)) | AK6: =IF(OR(AJ6="",AI6=""),"",(AJ6/39.1)/(AI6/22.99))
A7: P03 | B7: Control | C7: 0 | D7: 3 | E7: 2 | N7: =IF(OR(M7="",J7=""),"",M7/J7) | U7: =IF(OR(S7="",T7=""),"",S7+T7) | AH7: =IF(OR(AG7="",AF7=""),"",(AG7/39.1)/(AF7/22.99)) | AK7: =IF(OR(AJ7="",AI7=""),"",(AJ7/39.1)/(AI7/22.99))
A8: P04 | B8: Control | C8: 0 | D8: 4 | E8: 31 | N8: =IF(OR(M8="",J8=""),"",M8/J8) | U8: =IF(OR(S8="",T8=""),"",S8+T8) | AH8: =IF(OR(AG8="",AF8=""),"",(AG8/39.1)/(AF8/22.99)) | AK8: =IF(OR(AJ8="",AI8=""),"",(AJ8/39.1)/(AI8/22.99))
A9: P05 | B9: Control | C9: 50 | D9: 1 | E9: 59 | N9: =IF(OR(M9="",J9=""),"",M9/J9) | U9: =IF(OR(S9="",T9=""),"",S9+T9) | AH9: =IF(OR(AG9="",AF9=""),"",(AG9/39.1)/(AF9/22.99)) | AK9: =IF(OR(AJ9="",AI9=""),"",(AJ9/39.1)/(AI9/22.99))
A10: P06 | B10: Control | C10: 50 | D10: 2 | E10: 4 | N10: =IF(OR(M10="",J10=""),"",M10/J10) | U10: =IF(OR(S10="",T10=""),"",S10+T10) | AH10: =IF(OR(AG10="",AF10=""),"",(AG10/39.1)/(AF10/22.99)) | AK10: =IF(OR(AJ10="",AI10=""),"",(AJ10/39.1)/(AI10/22.99))
A11: P07 | B11: Control | C11: 50 | D11: 3 | E11: 44 | N11: =IF(OR(M11="",J11=""),"",M11/J11) | U11: =IF(OR(S11="",T11=""),"",S11+T11) | AH11: =IF(OR(AG11="",AF11=""),"",(AG11/39.1)/(AF11/22.99)) | AK11: =IF(OR(AJ11="",AI11=""),"",(AJ11/39.1)/(AI11/22.99))
A12: P08 | B12: Control | C12: 50 | D12: 4 | E12: 41 | N12: =IF(OR(M12="",J12=""),"",M12/J12) | U12: =IF(OR(S12="",T12=""),"",S12+T12) | AH12: =IF(OR(AG12="",AF12=""),"",(AG12/39.1)/(AF12/22.99)) | AK12: =IF(OR(AJ12="",AI12=""),"",(AJ12/39.1)/(AI12/22.99))
A13: P09 | B13: Control | C13: 100 | D13: 1 | E13: 49 | N13: =IF(OR(M13="",J13=""),"",M13/J13) | U13: =IF(OR(S13="",T13=""),"",S13+T13) | AH13: =IF(OR(AG13="",AF13=""),"",(AG13/39.1)/(AF13/22.99)) | AK13: =IF(OR(AJ13="",AI13=""),"",(AJ13/39.1)/(AI13/22.99))
A14: P10 | B14: Control | C14: 100 | D14: 2 | E14: 5 | N14: =IF(OR(M14="",J14=""),"",M14/J14) | U14: =IF(OR(S14="",T14=""),"",S14+T14) | AH14: =IF(OR(AG14="",AF14=""),"",(AG14/39.1)/(AF14/22.99)) | AK14: =IF(OR(AJ14="",AI14=""),"",(AJ14/39.1)/(AI14/22.99))
A15: P11 | B15: Control | C15: 100 | D15: 3 | E15: 25 | N15: =IF(OR(M15="",J15=""),"",M15/J15) | U15: =IF(OR(S15="",T15=""),"",S15+T15) | AH15: =IF(OR(AG15="",AF15=""),"",(AG15/39.1)/(AF15/22.99)) | AK15: =IF(OR(AJ15="",AI15=""),"",(AJ15/39.1)/(AI15/22.99))
A16: P12 | B16: Control | C16: 100 | D16: 4 | E16: 52 | N16: =IF(OR(M16="",J16=""),"",M16/J16) | U16: =IF(OR(S16="",T16=""),"",S16+T16) | AH16: =IF(OR(AG16="",AF16=""),"",(AG16/39.1)/(AF16/22.99)) | AK16: =IF(OR(AJ16="",AI16=""),"",(AJ16/39.1)/(AI16/22.99))
... A68: P64 | B68: C4-5 | C68: 150 | D68: 4 | E68: 16 | N68: =IF(OR(M68="",J68=""),"",M68/J68) | U68: =IF(OR(S68="",T68=""),"",S68+T68) | AH68: =IF(OR(AG68="",AF68=""),"",(AG68/39.1)/(AF68/22.99)) | AK68: =IF(OR(AJ68="",AI68=""),"",(AJ68/39.1)/(AI68/22.99))

Sheet Summary
A1: Treatment means (calculated automatically from the Data sheet)
A3: Treatment | B3: NaCl (mM) | C3: Plant height (cm) | D3: No. of leaves | E3: Leaf area (cm²/plant) | F3: Shoot fresh weight (g) | G3: Shoot dry weight (g) | H3: Root length (cm) | I3: Root fresh weight (g) | J3: Root dry weight (g) | K3: Root/shoot ratio | L3: Root volume (cm³) | M3: Root surface area (cm²) | N3: Relative water content (%) | O3: Electrolyte leakage (%) | P3: Chlorophyll a (mg/g FW) | Q3: Chlorophyll b (mg/g FW) | R3: Total chlorophyll (mg/g FW) | S3: Carotenoids (mg/g FW) | T3: Proline (µmol/g FW) | U3: Soluble sugars (mg/g FW) | V3: Soluble protein (mg/g FW) | W3: MDA (nmol/g FW) | X3: H₂O₂ (µmol/g FW) | Y3: SOD (U/mg protein) | Z3: CAT (µmol/min/mg protein) | AA3: POD (µmol/min/mg protein) | AB3: APX (µmol/min/mg protein) | AC3: Leaf Na⁺ (mg/g DW) | AD3: Leaf K⁺ (mg/g DW) | AE3: Leaf K⁺/Na⁺ ratio | AF3: Root Na⁺ (mg/g DW) | AG3: Root K⁺ (mg/g DW) | AH3: Root K⁺/Na⁺ ratio | AI3: Leaf Ca²⁺ (mg/g DW) | AJ3: Leaf Mg²⁺ (mg/g DW)
A4: Control | B4: 0 | C4: =IFERROR(AVERAGEIFS(Data!$F$5:$F$68,Data!$B$5:$B$68,$A4,Data!$C$5:$C$68,$B4),"") | D4: =IFERROR(AVERAGEIFS(Data!$G$5:$G$68,Data!$B$5:$B$68,$A4,Data!$C$5:$C$68,$B4),"") | E4: =IFERROR(AVERAGEIFS(Data!$H$5:$H$68,Data!$B$5:$B$68,$A4,Data!$C$5:$C$68,$B4),"") | F4: =IFERROR(AVERAGEIFS(Data!$I$5:$I$68,Data!$B$5:$B$68,$A4,Data!$C$5:$C$68,$B4),"") | G4: =IFERROR(AVERAGEIFS(Data!$J$5:$J$68,Data!$B$5:$B$68,$A4,Data!$C$5:$C$68,$B4),"") | H4: =IFERROR(AVERAGEIFS(Data!$K$5:$K$68,Data!$B$5:$B$68,$A4,Data!$C$5:$C$68,$B4),"") | I4: =IFERROR(AVERAGEIFS(Data!$L$5:$L$68,Data!$B$5:$B$68,$A4,Data!$C$5:$C$68,$B4),"") | J4: =IFERROR(AVERAGEIFS(Data!$M$5:$M$68,Data!$B$5:$B$68,$A4,Data!$C$5:$C$68,$B4),"") | K4: =IFERROR(AVERAGEIFS(Data!$N$5:$N$68,Data!$B$5:$B$68,$A4,Data!$C$5:$C$68,$B4),"") | L4: =IFERROR(AVERAGEIFS(Data!$O$5:$O$68,Data!$B$5:$B$68,$A4,Data!$C$5:$C$68,$B4),"") | M4: =IFERROR(AVERAGEIFS(Data!$P$5:$P$68,Data!$B$5:$B$68,$A4,Data!$C$5:$C$68,$B4),"") | N4: =IFERROR(AVERAGEIFS(Data!$Q$5:$Q$68,Data!$B$5:$B$68,$A4,Data!$C$5:$C$68,$B4),"") | O4: =IFERROR(AVERAGEIFS(Data!$R$5:$R$68,Data!$B$5:$B$68,$A4,Data!$C$5:$C$68,$B4),"") | P4: =IFERROR(AVERAGEIFS(Data!$S$5:$S$68,Data!$B$5:$B$68,$A4,Data!$C$5:$C$68,$B4),"") | Q4: =IFERROR(AVERAGEIFS(Data!$T$5:$T$68,Data!$B$5:$B$68,$A4,Data!$C$5:$C$68,$B4),"") | R4: =IFERROR(AVERAGEIFS(Data!$U$5:$U$68,Data!$B$5:$B$68,$A4,Data!$C$5:$C$68,$B4),"") | S4: =IFERROR(AVERAGEIFS(Data!$V$5:$V$68,Data!$B$5:$B$68,$A4,Data!$C$5:$C$68,$B4),"") | T4: =IFERROR(AVERAGEIFS(Data!$W$5:$W$68,Data!$B$5:$B$68,$A4,Data!$C$5:$C$68,$B4),"") | U4: =IFERROR(AVERAGEIFS(Data!$X$5:$X$68,Data!$B$5:$B$68,$A4,Data!$C$5:$C$68,$B4),"") | V4: =IFERROR(AVERAGEIFS(Data!$Y$5:$Y$68,Data!$B$5:$B$68,$A4,Data!$C$5:$C$68,$B4),"") | W4: =IFERROR(AVERAGEIFS(Data!$Z$5:$Z$68,Data!$B$5:$B$68,$A4,Data!$C$5:$C$68,$B4),"") | X4: =IFERROR(AVERAGEIFS(Data!$AA$5:$AA$68,Data!$B$5:$B$68,$A4,Data!$C$5:$C$68,$B4),"") | Y4: =IFERROR(AVERAGEIFS(Data!$AB$5:$AB$68,Data!$B$5:$B$68,$A4,Data!$C$5:$C$68,$B4),"") | Z4: =IFERROR(AVERAGEIFS(Data!$AC$5:$AC$68,Data!$B$5:$B$68,$A4,Data!$C$5:$C$68,$B4),"") | AA4: =IFERROR(AVERAGEIFS(Data!$AD$5:$AD$68,Data!$B$5:$B$68,$A4,Data!$C$5:$C$68,$B4),"") | AB4: =IFERROR(AVERAGEIFS(Data!$AE$5:$AE$68,Data!$B$5:$B$68,$A4,Data!$C$5:$C$68,$B4),"") | AC4: =IFERROR(AVERAGEIFS(Data!$AF$5:$AF$68,Data!$B$5:$B$68,$A4,Data!$C$5:$C$68,$B4),"") | AD4: =IFERROR(AVERAGEIFS(Data!$AG$5:$AG$68,Data!$B$5:$B$68,$A4,Data!$C$5:$C$68,$B4),"") | AE4: =IFERROR(AVERAGEIFS(Data!$AH$5:$AH$68,Data!$B$5:$B$68,$A4,Data!$C$5:$C$68,$B4),"") | AF4: =IFERROR(AVERAGEIFS(Data!$AI$5:$AI$68,Data!$B$5:$B$68,$A4,Data!$C$5:$C$68,$B4),"") | AG4: =IFERROR(AVERAGEIFS(Data!$AJ$5:$AJ$68,Data!$B$5:$B$68,$A4,Data!$C$5:$C$68,$B4),"") | AH4: =IFERROR(AVERAGEIFS(Data!$AK$5:$AK$68,Data!$B$5:$B$68,$A4,Data!$C$5:$C$68,$B4),"") | AI4: =IFERROR(AVERAGEIFS(Data!$AL$5:$AL$68,Data!$B$5:$B$68,$A4,Data!$C$5:$C$68,$B4),"") | AJ4: =IFERROR(AVERAGEIFS(Data!$AM$5:$AM$68,Data!$B$5:$B$68,$A4,Data!$C$5:$C$68,$B4),"")
A5: Control | B5: 50 | C5: =IFERROR(AVERAGEIFS(Data!$F$5:$F$68,Data!$B$5:$B$68,$A5,Data!$C$5:$C$68,$B5),"") | D5: =IFERROR(AVERAGEIFS(Data!$G$5:$G$68,Data!$B$5:$B$68,$A5,Data!$C$5:$C$68,$B5),"") | E5: =IFERROR(AVERAGEIFS(Data!$H$5:$H$68,Data!$B$5:$B$68,$A5,Data!$C$5:$C$68,$B5),"") | F5: =IFERROR(AVERAGEIFS(Data!$I$5:$I$68,Data!$B$5:$B$68,$A5,Data!$C$5:$C$68,$B5),"") | G5: =IFERROR(AVERAGEIFS(Data!$J$5:$J$68,Data!$B$5:$B$68,$A5,Data!$C$5:$C$68,$B5),"") | H5: =IFERROR(AVERAGEIFS(Data!$K$5:$K$68,Data!$B$5:$B$68,$A5,Data!$C$5:$C$68,$B5),"") | I5: =IFERROR(AVERAGEIFS(Data!$L$5:$L$68,Data!$B$5:$B$68,$A5,Data!$C$5:$C$68,$B5),"") | J5: =IFERROR(AVERAGEIFS(Data!$M$5:$M$68,Data!$B$5:$B$68,$A5,Data!$C$5:$C$68,$B5),"") | K5: =IFERROR(AVERAGEIFS(Data!$N$5:$N$68,Data!$B$5:$B$68,$A5,Data!$C$5:$C$68,$B5),"") | L5: =IFERROR(AVERAGEIFS(Data!$O$5:$O$68,Data!$B$5:$B$68,$A5,Data!$C$5:$C$68,$B5),"") | M5: =IFERROR(AVERAGEIFS(Data!$P$5:$P$68,Data!$B$5:$B$68,$A5,Data!$C$5:$C$68,$B5),"") | N5: =IFERROR(AVERAGEIFS(Data!$Q$5:$Q$68,Data!$B$5:$B$68,$A5,Data!$C$5:$C$68,$B5),"") | O5: =IFERROR(AVERAGEIFS(Data!$R$5:$R$68,Data!$B$5:$B$68,$A5,Data!$C$5:$C$68,$B5),"") | P5: =IFERROR(AVERAGEIFS(Data!$S$5:$S$68,Data!$B$5:$B$68,$A5,Data!$C$5:$C$68,$B5),"") | Q5: =IFERROR(AVERAGEIFS(Data!$T$5:$T$68,Data!$B$5:$B$68,$A5,Data!$C$5:$C$68,$B5),"") | R5: =IFERROR(AVERAGEIFS(Data!$U$5:$U$68,Data!$B$5:$B$68,$A5,Data!$C$5:$C$68,$B5),"") | S5: =IFERROR(AVERAGEIFS(Data!$V$5:$V$68,Data!$B$5:$B$68,$A5,Data!$C$5:$C$68,$B5),"") | T5: =IFERROR(AVERAGEIFS(Data!$W$5:$W$68,Data!$B$5:$B$68,$A5,Data!$C$5:$C$68,$B5),"") | U5: =IFERROR(AVERAGEIFS(Data!$X$5:$X$68,Data!$B$5:$B$68,$A5,Data!$C$5:$C$68,$B5),"") | V5: =IFERROR(AVERAGEIFS(Data!$Y$5:$Y$68,Data!$B$5:$B$68,$A5,Data!$C$5:$C$68,$B5),"") | W5: =IFERROR(AVERAGEIFS(Data!$Z$5:$Z$68,Data!$B$5:$B$68,$A5,Data!$C$5:$C$68,$B5),"") | X5: =IFERROR(AVERAGEIFS(Data!$AA$5:$AA$68,Data!$B$5:$B$68,$A5,Data!$C$5:$C$68,$B5),"") | Y5: =IFERROR(AVERAGEIFS(Data!$AB$5:$AB$68,Data!$B$5:$B$68,$A5,Data!$C$5:$C$68,$B5),"") | Z5: =IFERROR(AVERAGEIFS(Data!$AC$5:$AC$68,Data!$B$5:$B$68,$A5,Data!$C$5:$C$68,$B5),"") | AA5: =IFERROR(AVERAGEIFS(Data!$AD$5:$AD$68,Data!$B$5:$B$68,$A5,Data!$C$5:$C$68,$B5),"") | AB5: =IFERROR(AVERAGEIFS(Data!$AE$5:$AE$68,Data!$B$5:$B$68,$A5,Data!$C$5:$C$68,$B5),"") | AC5: =IFERROR(AVERAGEIFS(Data!$AF$5:$AF$68,Data!$B$5:$B$68,$A5,Data!$C$5:$C$68,$B5),"") | AD5: =IFERROR(AVERAGEIFS(Data!$AG$5:$AG$68,Data!$B$5:$B$68,$A5,Data!$C$5:$C$68,$B5),"") | AE5: =IFERROR(AVERAGEIFS(Data!$AH$5:$AH$68,Data!$B$5:$B$68,$A5,Data!$C$5:$C$68,$B5),"") | AF5: =IFERROR(AVERAGEIFS(Data!$AI$5:$AI$68,Data!$B$5:$B$68,$A5,Data!$C$5:$C$68,$B5),"") | AG5: =IFERROR(AVERAGEIFS(Data!$AJ$5:$AJ$68,Data!$B$5:$B$68,$A5,Data!$C$5:$C$68,$B5),"") | AH5: =IFERROR(AVERAGEIFS(Data!$AK$5:$AK$68,Data!$B$5:$B$68,$A5,Data!$C$5:$C$68,$B5),"") | AI5: =IFERROR(AVERAGEIFS(Data!$AL$5:$AL$68,Data!$B$5:$B$68,$A5,Data!$C$5:$C$68,$B5),"") | AJ5: =IFERROR(AVERAGEIFS(Data!$AM$5:$AM$68,Data!$B$5:$B$68,$A5,Data!$C$5:$C$68,$B5),"")
A6: Control | B6: 100 | C6: =IFERROR(AVERAGEIFS(Data!$F$5:$F$68,Data!$B$5:$B$68,$A6,Data!$C$5:$C$68,$B6),"") | D6: =IFERROR(AVERAGEIFS(Data!$G$5:$G$68,Data!$B$5:$B$68,$A6,Data!$C$5:$C$68,$B6),"") | E6: =IFERROR(AVERAGEIFS(Data!$H$5:$H$68,Data!$B$5:$B$68,$A6,Data!$C$5:$C$68,$B6),"") | F6: =IFERROR(AVERAGEIFS(Data!$I$5:$I$68,Data!$B$5:$B$68,$A6,Data!$C$5:$C$68,$B6),"") | G6: =IFERROR(AVERAGEIFS(Data!$J$5:$J$68,Data!$B$5:$B$68,$A6,Data!$C$5:$C$68,$B6),"") | H6: =IFERROR(AVERAGEIFS(Data!$K$5:$K$68,Data!$B$5:$B$68,$A6,Data!$C$5:$C$68,$B6),"") | I6: =IFERROR(AVERAGEIFS(Data!$L$5:$L$68,Data!$B$5:$B$68,$A6,Data!$C$5:$C$68,$B6),"") | J6: =IFERROR(AVERAGEIFS(Data!$M$5:$M$68,Data!$B$5:$B$68,$A6,Data!$C$5:$C$68,$B6),"") | K6: =IFERROR(AVERAGEIFS(Data!$N$5:$N$68,Data!$B$5:$B$68,$A6,Data!$C$5:$C$68,$B6),"") | L6: =IFERROR(AVERAGEIFS(Data!$O$5:$O$68,Data!$B$5:$B$68,$A6,Data!$C$5:$C$68,$B6),"") | M6: =IFERROR(AVERAGEIFS(Data!$P$5:$P$68,Data!$B$5:$B$68,$A6,Data!$C$5:$C$68,$B6),"") | N6: =IFERROR(AVERAGEIFS(Data!$Q$5:$Q$68,Data!$B$5:$B$68,$A6,Data!$C$5:$C$68,$B6),"") | O6: =IFERROR(AVERAGEIFS(Data!$R$5:$R$68,Data!$B$5:$B$68,$A6,Data!$C$5:$C$68,$B6),"") | P6: =IFERROR(AVERAGEIFS(Data!$S$5:$S$68,Data!$B$5:$B$68,$A6,Data!$C$5:$C$68,$B6),"") | Q6: =IFERROR(AVERAGEIFS(Data!$T$5:$T$68,Data!$B$5:$B$68,$A6,Data!$C$5:$C$68,$B6),"") | R6: =IFERROR(AVERAGEIFS(Data!$U$5:$U$68,Data!$B$5:$B$68,$A6,Data!$C$5:$C$68,$B6),"") | S6: =IFERROR(AVERAGEIFS(Data!$V$5:$V$68,Data!$B$5:$B$68,$A6,Data!$C$5:$C$68,$B6),"") | T6: =IFERROR(AVERAGEIFS(Data!$W$5:$W$68,Data!$B$5:$B$68,$A6,Data!$C$5:$C$68,$B6),"") | U6: =IFERROR(AVERAGEIFS(Data!$X$5:$X$68,Data!$B$5:$B$68,$A6,Data!$C$5:$C$68,$B6),"") | V6: =IFERROR(AVERAGEIFS(Data!$Y$5:$Y$68,Data!$B$5:$B$68,$A6,Data!$C$5:$C$68,$B6),"") | W6: =IFERROR(AVERAGEIFS(Data!$Z$5:$Z$68,Data!$B$5:$B$68,$A6,Data!$C$5:$C$68,$B6),"") | X6: =IFERROR(AVERAGEIFS(Data!$AA$5:$AA$68,Data!$B$5:$B$68,$A6,Data!$C$5:$C$68,$B6),"") | Y6: =IFERROR(AVERAGEIFS(Data!$AB$5:$AB$68,Data!$B$5:$B$68,$A6,Data!$C$5:$C$68,$B6),"") | Z6: =IFERROR(AVERAGEIFS(Data!$AC$5:$AC$68,Data!$B$5:$B$68,$A6,Data!$C$5:$C$68,$B6),"") | AA6: =IFERROR(AVERAGEIFS(Data!$AD$5:$AD$68,Data!$B$5:$B$68,$A6,Data!$C$5:$C$68,$B6),"") | AB6: =IFERROR(AVERAGEIFS(Data!$AE$5:$AE$68,Data!$B$5:$B$68,$A6,Data!$C$5:$C$68,$B6),"") | AC6: =IFERROR(AVERAGEIFS(Data!$AF$5:$AF$68,Data!$B$5:$B$68,$A6,Data!$C$5:$C$68,$B6),"") | AD6: =IFERROR(AVERAGEIFS(Data!$AG$5:$AG$68,Data!$B$5:$B$68,$A6,Data!$C$5:$C$68,$B6),"") | AE6: =IFERROR(AVERAGEIFS(Data!$AH$5:$AH$68,Data!$B$5:$B$68,$A6,Data!$C$5:$C$68,$B6),"") | AF6: =IFERROR(AVERAGEIFS(Data!$AI$5:$AI$68,Data!$B$5:$B$68,$A6,Data!$C$5:$C$68,$B6),"") | AG6: =IFERROR(AVERAGEIFS(Data!$AJ$5:$AJ$68,Data!$B$5:$B$68,$A6,Data!$C$5:$C$68,$B6),"") | AH6: =IFERROR(AVERAGEIFS(Data!$AK$5:$AK$68,Data!$B$5:$B$68,$A6,Data!$C$5:$C$68,$B6),"") | AI6: =IFERROR(AVERAGEIFS(Data!$AL$5:$AL$68,Data!$B$5:$B$68,$A6,Data!$C$5:$C$68,$B6),"") | AJ6: =IFERROR(AVERAGEIFS(Data!$AM$5:$AM$68,Data!$B$5:$B$68,$A6,Data!$C$5:$C$68,$B6),"")
A7: Control | B7: 150 | C7: =IFERROR(AVERAGEIFS(Data!$F$5:$F$68,Data!$B$5:$B$68,$A7,Data!$C$5:$C$68,$B7),"") | D7: =IFERROR(AVERAGEIFS(Data!$G$5:$G$68,Data!$B$5:$B$68,$A7,Data!$C$5:$C$68,$B7),"") | E7: =IFERROR(AVERAGEIFS(Data!$H$5:$H$68,Data!$B$5:$B$68,$A7,Data!$C$5:$C$68,$B7),"") | F7: =IFERROR(AVERAGEIFS(Data!$I$5:$I$68,Data!$B$5:$B$68,$A7,Data!$C$5:$C$68,$B7),"") | G7: =IFERROR(AVERAGEIFS(Data!$J$5:$J$68,Data!$B$5:$B$68,$A7,Data!$C$5:$C$68,$B7),"") | H7: =IFERROR(AVERAGEIFS(Data!$K$5:$K$68,Data!$B$5:$B$68,$A7,Data!$C$5:$C$68,$B7),"") | I7: =IFERROR(AVERAGEIFS(Data!$L$5:$L$68,Data!$B$5:$B$68,$A7,Data!$C$5:$C$68,$B7),"") | J7: =IFERROR(AVERAGEIFS(Data!$M$5:$M$68,Data!$B$5:$B$68,$A7,Data!$C$5:$C$68,$B7),"") | K7: =IFERROR(AVERAGEIFS(Data!$N$5:$N$68,Data!$B$5:$B$68,$A7,Data!$C$5:$C$68,$B7),"") | L7: =IFERROR(AVERAGEIFS(Data!$O$5:$O$68,Data!$B$5:$B$68,$A7,Data!$C$5:$C$68,$B7),"") | M7: =IFERROR(AVERAGEIFS(Data!$P$5:$P$68,Data!$B$5:$B$68,$A7,Data!$C$5:$C$68,$B7),"") | N7: =IFERROR(AVERAGEIFS(Data!$Q$5:$Q$68,Data!$B$5:$B$68,$A7,Data!$C$5:$C$68,$B7),"") | O7: =IFERROR(AVERAGEIFS(Data!$R$5:$R$68,Data!$B$5:$B$68,$A7,Data!$C$5:$C$68,$B7),"") | P7: =IFERROR(AVERAGEIFS(Data!$S$5:$S$68,Data!$B$5:$B$68,$A7,Data!$C$5:$C$68,$B7),"") | Q7: =IFERROR(AVERAGEIFS(Data!$T$5:$T$68,Data!$B$5:$B$68,$A7,Data!$C$5:$C$68,$B7),"") | R7: =IFERROR(AVERAGEIFS(Data!$U$5:$U$68,Data!$B$5:$B$68,$A7,Data!$C$5:$C$68,$B7),"") | S7: =IFERROR(AVERAGEIFS(Data!$V$5:$V$68,Data!$B$5:$B$68,$A7,Data!$C$5:$C$68,$B7),"") | T7: =IFERROR(AVERAGEIFS(Data!$W$5:$W$68,Data!$B$5:$B$68,$A7,Data!$C$5:$C$68,$B7),"") | U7: =IFERROR(AVERAGEIFS(Data!$X$5:$X$68,Data!$B$5:$B$68,$A7,Data!$C$5:$C$68,$B7),"") | V7: =IFERROR(AVERAGEIFS(Data!$Y$5:$Y$68,Data!$B$5:$B$68,$A7,Data!$C$5:$C$68,$B7),"") | W7: =IFERROR(AVERAGEIFS(Data!$Z$5:$Z$68,Data!$B$5:$B$68,$A7,Data!$C$5:$C$68,$B7),"") | X7: =IFERROR(AVERAGEIFS(Data!$AA$5:$AA$68,Data!$B$5:$B$68,$A7,Data!$C$5:$C$68,$B7),"") | Y7: =IFERROR(AVERAGEIFS(Data!$AB$5:$AB$68,Data!$B$5:$B$68,$A7,Data!$C$5:$C$68,$B7),"") | Z7: =IFERROR(AVERAGEIFS(Data!$AC$5:$AC$68,Data!$B$5:$B$68,$A7,Data!$C$5:$C$68,$B7),"") | AA7: =IFERROR(AVERAGEIFS(Data!$AD$5:$AD$68,Data!$B$5:$B$68,$A7,Data!$C$5:$C$68,$B7),"") | AB7: =IFERROR(AVERAGEIFS(Data!$AE$5:$AE$68,Data!$B$5:$B$68,$A7,Data!$C$5:$C$68,$B7),"") | AC7: =IFERROR(AVERAGEIFS(Data!$AF$5:$AF$68,Data!$B$5:$B$68,$A7,Data!$C$5:$C$68,$B7),"") | AD7: =IFERROR(AVERAGEIFS(Data!$AG$5:$AG$68,Data!$B$5:$B$68,$A7,Data!$C$5:$C$68,$B7),"") | AE7: =IFERROR(AVERAGEIFS(Data!$AH$5:$AH$68,Data!$B$5:$B$68,$A7,Data!$C$5:$C$68,$B7),"") | AF7: =IFERROR(AVERAGEIFS(Data!$AI$5:$AI$68,Data!$B$5:$B$68,$A7,Data!$C$5:$C$68,$B7),"") | AG7: =IFERROR(AVERAGEIFS(Data!$AJ$5:$AJ$68,Data!$B$5:$B$68,$A7,Data!$C$5:$C$68,$B7),"") | AH7: =IFERROR(AVERAGEIFS(Data!$AK$5:$AK$68,Data!$B$5:$B$68,$A7,Data!$C$5:$C$68,$B7),"") | AI7: =IFERROR(AVERAGEIFS(Data!$AL$5:$AL$68,Data!$B$5:$B$68,$A7,Data!$C$5:$C$68,$B7),"") | AJ7: =IFERROR(AVERAGEIFS(Data!$AM$5:$AM$68,Data!$B$5:$B$68,$A7,Data!$C$5:$C$68,$B7),"")
A8: IS-06 | B8: 0 | C8: =IFERROR(AVERAGEIFS(Data!$F$5:$F$68,Data!$B$5:$B$68,$A8,Data!$C$5:$C$68,$B8),"") | D8: =IFERROR(AVERAGEIFS(Data!$G$5:$G$68,Data!$B$5:$B$68,$A8,Data!$C$5:$C$68,$B8),"") | E8: =IFERROR(AVERAGEIFS(Data!$H$5:$H$68,Data!$B$5:$B$68,$A8,Data!$C$5:$C$68,$B8),"") | F8: =IFERROR(AVERAGEIFS(Data!$I$5:$I$68,Data!$B$5:$B$68,$A8,Data!$C$5:$C$68,$B8),"") | G8: =IFERROR(AVERAGEIFS(Data!$J$5:$J$68,Data!$B$5:$B$68,$A8,Data!$C$5:$C$68,$B8),"") | H8: =IFERROR(AVERAGEIFS(Data!$K$5:$K$68,Data!$B$5:$B$68,$A8,Data!$C$5:$C$68,$B8),"") | I8: =IFERROR(AVERAGEIFS(Data!$L$5:$L$68,Data!$B$5:$B$68,$A8,Data!$C$5:$C$68,$B8),"") | J8: =IFERROR(AVERAGEIFS(Data!$M$5:$M$68,Data!$B$5:$B$68,$A8,Data!$C$5:$C$68,$B8),"") | K8: =IFERROR(AVERAGEIFS(Data!$N$5:$N$68,Data!$B$5:$B$68,$A8,Data!$C$5:$C$68,$B8),"") | L8: =IFERROR(AVERAGEIFS(Data!$O$5:$O$68,Data!$B$5:$B$68,$A8,Data!$C$5:$C$68,$B8),"") | M8: =IFERROR(AVERAGEIFS(Data!$P$5:$P$68,Data!$B$5:$B$68,$A8,Data!$C$5:$C$68,$B8),"") | N8: =IFERROR(AVERAGEIFS(Data!$Q$5:$Q$68,Data!$B$5:$B$68,$A8,Data!$C$5:$C$68,$B8),"") | O8: =IFERROR(AVERAGEIFS(Data!$R$5:$R$68,Data!$B$5:$B$68,$A8,Data!$C$5:$C$68,$B8),"") | P8: =IFERROR(AVERAGEIFS(Data!$S$5:$S$68,Data!$B$5:$B$68,$A8,Data!$C$5:$C$68,$B8),"") | Q8: =IFERROR(AVERAGEIFS(Data!$T$5:$T$68,Data!$B$5:$B$68,$A8,Data!$C$5:$C$68,$B8),"") | R8: =IFERROR(AVERAGEIFS(Data!$U$5:$U$68,Data!$B$5:$B$68,$A8,Data!$C$5:$C$68,$B8),"") | S8: =IFERROR(AVERAGEIFS(Data!$V$5:$V$68,Data!$B$5:$B$68,$A8,Data!$C$5:$C$68,$B8),"") | T8: =IFERROR(AVERAGEIFS(Data!$W$5:$W$68,Data!$B$5:$B$68,$A8,Data!$C$5:$C$68,$B8),"") | U8: =IFERROR(AVERAGEIFS(Data!$X$5:$X$68,Data!$B$5:$B$68,$A8,Data!$C$5:$C$68,$B8),"") | V8: =IFERROR(AVERAGEIFS(Data!$Y$5:$Y$68,Data!$B$5:$B$68,$A8,Data!$C$5:$C$68,$B8),"") | W8: =IFERROR(AVERAGEIFS(Data!$Z$5:$Z$68,Data!$B$5:$B$68,$A8,Data!$C$5:$C$68,$B8),"") | X8: =IFERROR(AVERAGEIFS(Data!$AA$5:$AA$68,Data!$B$5:$B$68,$A8,Data!$C$5:$C$68,$B8),"") | Y8: =IFERROR(AVERAGEIFS(Data!$AB$5:$AB$68,Data!$B$5:$B$68,$A8,Data!$C$5:$C$68,$B8),"") | Z8: =IFERROR(AVERAGEIFS(Data!$AC$5:$AC$68,Data!$B$5:$B$68,$A8,Data!$C$5:$C$68,$B8),"") | AA8: =IFERROR(AVERAGEIFS(Data!$AD$5:$AD$68,Data!$B$5:$B$68,$A8,Data!$C$5:$C$68,$B8),"") | AB8: =IFERROR(AVERAGEIFS(Data!$AE$5:$AE$68,Data!$B$5:$B$68,$A8,Data!$C$5:$C$68,$B8),"") | AC8: =IFERROR(AVERAGEIFS(Data!$AF$5:$AF$68,Data!$B$5:$B$68,$A8,Data!$C$5:$C$68,$B8),"") | AD8: =IFERROR(AVERAGEIFS(Data!$AG$5:$AG$68,Data!$B$5:$B$68,$A8,Data!$C$5:$C$68,$B8),"") | AE8: =IFERROR(AVERAGEIFS(Data!$AH$5:$AH$68,Data!$B$5:$B$68,$A8,Data!$C$5:$C$68,$B8),"") | AF8: =IFERROR(AVERAGEIFS(Data!$AI$5:$AI$68,Data!$B$5:$B$68,$A8,Data!$C$5:$C$68,$B8),"") | AG8: =IFERROR(AVERAGEIFS(Data!$AJ$5:$AJ$68,Data!$B$5:$B$68,$A8,Data!$C$5:$C$68,$B8),"") | AH8: =IFERROR(AVERAGEIFS(Data!$AK$5:$AK$68,Data!$B$5:$B$68,$A8,Data!$C$5:$C$68,$B8),"") | AI8: =IFERROR(AVERAGEIFS(Data!$AL$5:$AL$68,Data!$B$5:$B$68,$A8,Data!$C$5:$C$68,$B8),"") | AJ8: =IFERROR(AVERAGEIFS(Data!$AM$5:$AM$68,Data!$B$5:$B$68,$A8,Data!$C$5:$C$68,$B8),"")
A9: IS-06 | B9: 50 | C9: =IFERROR(AVERAGEIFS(Data!$F$5:$F$68,Data!$B$5:$B$68,$A9,Data!$C$5:$C$68,$B9),"") | D9: =IFERROR(AVERAGEIFS(Data!$G$5:$G$68,Data!$B$5:$B$68,$A9,Data!$C$5:$C$68,$B9),"") | E9: =IFERROR(AVERAGEIFS(Data!$H$5:$H$68,Data!$B$5:$B$68,$A9,Data!$C$5:$C$68,$B9),"") | F9: =IFERROR(AVERAGEIFS(Data!$I$5:$I$68,Data!$B$5:$B$68,$A9,Data!$C$5:$C$68,$B9),"") | G9: =IFERROR(AVERAGEIFS(Data!$J$5:$J$68,Data!$B$5:$B$68,$A9,Data!$C$5:$C$68,$B9),"") | H9: =IFERROR(AVERAGEIFS(Data!$K$5:$K$68,Data!$B$5:$B$68,$A9,Data!$C$5:$C$68,$B9),"") | I9: =IFERROR(AVERAGEIFS(Data!$L$5:$L$68,Data!$B$5:$B$68,$A9,Data!$C$5:$C$68,$B9),"") | J9: =IFERROR(AVERAGEIFS(Data!$M$5:$M$68,Data!$B$5:$B$68,$A9,Data!$C$5:$C$68,$B9),"") | K9: =IFERROR(AVERAGEIFS(Data!$N$5:$N$68,Data!$B$5:$B$68,$A9,Data!$C$5:$C$68,$B9),"") | L9: =IFERROR(AVERAGEIFS(Data!$O$5:$O$68,Data!$B$5:$B$68,$A9,Data!$C$5:$C$68,$B9),"") | M9: =IFERROR(AVERAGEIFS(Data!$P$5:$P$68,Data!$B$5:$B$68,$A9,Data!$C$5:$C$68,$B9),"") | N9: =IFERROR(AVERAGEIFS(Data!$Q$5:$Q$68,Data!$B$5:$B$68,$A9,Data!$C$5:$C$68,$B9),"") | O9: =IFERROR(AVERAGEIFS(Data!$R$5:$R$68,Data!$B$5:$B$68,$A9,Data!$C$5:$C$68,$B9),"") | P9: =IFERROR(AVERAGEIFS(Data!$S$5:$S$68,Data!$B$5:$B$68,$A9,Data!$C$5:$C$68,$B9),"") | Q9: =IFERROR(AVERAGEIFS(Data!$T$5:$T$68,Data!$B$5:$B$68,$A9,Data!$C$5:$C$68,$B9),"") | R9: =IFERROR(AVERAGEIFS(Data!$U$5:$U$68,Data!$B$5:$B$68,$A9,Data!$C$5:$C$68,$B9),"") | S9: =IFERROR(AVERAGEIFS(Data!$V$5:$V$68,Data!$B$5:$B$68,$A9,Data!$C$5:$C$68,$B9),"") | T9: =IFERROR(AVERAGEIFS(Data!$W$5:$W$68,Data!$B$5:$B$68,$A9,Data!$C$5:$C$68,$B9),"") | U9: =IFERROR(AVERAGEIFS(Data!$X$5:$X$68,Data!$B$5:$B$68,$A9,Data!$C$5:$C$68,$B9),"") | V9: =IFERROR(AVERAGEIFS(Data!$Y$5:$Y$68,Data!$B$5:$B$68,$A9,Data!$C$5:$C$68,$B9),"") | W9: =IFERROR(AVERAGEIFS(Data!$Z$5:$Z$68,Data!$B$5:$B$68,$A9,Data!$C$5:$C$68,$B9),"") | X9: =IFERROR(AVERAGEIFS(Data!$AA$5:$AA$68,Data!$B$5:$B$68,$A9,Data!$C$5:$C$68,$B9),"") | Y9: =IFERROR(AVERAGEIFS(Data!$AB$5:$AB$68,Data!$B$5:$B$68,$A9,Data!$C$5:$C$68,$B9),"") | Z9: =IFERROR(AVERAGEIFS(Data!$AC$5:$AC$68,Data!$B$5:$B$68,$A9,Data!$C$5:$C$68,$B9),"") | AA9: =IFERROR(AVERAGEIFS(Data!$AD$5:$AD$68,Data!$B$5:$B$68,$A9,Data!$C$5:$C$68,$B9),"") | AB9: =IFERROR(AVERAGEIFS(Data!$AE$5:$AE$68,Data!$B$5:$B$68,$A9,Data!$C$5:$C$68,$B9),"") | AC9: =IFERROR(AVERAGEIFS(Data!$AF$5:$AF$68,Data!$B$5:$B$68,$A9,Data!$C$5:$C$68,$B9),"") | AD9: =IFERROR(AVERAGEIFS(Data!$AG$5:$AG$68,Data!$B$5:$B$68,$A9,Data!$C$5:$C$68,$B9),"") | AE9: =IFERROR(AVERAGEIFS(Data!$AH$5:$AH$68,Data!$B$5:$B$68,$A9,Data!$C$5:$C$68,$B9),"") | AF9: =IFERROR(AVERAGEIFS(Data!$AI$5:$AI$68,Data!$B$5:$B$68,$A9,Data!$C$5:$C$68,$B9),"") | AG9: =IFERROR(AVERAGEIFS(Data!$AJ$5:$AJ$68,Data!$B$5:$B$68,$A9,Data!$C$5:$C$68,$B9),"") | AH9: =IFERROR(AVERAGEIFS(Data!$AK$5:$AK$68,Data!$B$5:$B$68,$A9,Data!$C$5:$C$68,$B9),"") | AI9: =IFERROR(AVERAGEIFS(Data!$AL$5:$AL$68,Data!$B$5:$B$68,$A9,Data!$C$5:$C$68,$B9),"") | AJ9: =IFERROR(AVERAGEIFS(Data!$AM$5:$AM$68,Data!$B$5:$B$68,$A9,Data!$C$5:$C$68,$B9),"")
A10: IS-06 | B10: 100 | C10: =IFERROR(AVERAGEIFS(Data!$F$5:$F$68,Data!$B$5:$B$68,$A10,Data!$C$5:$C$68,$B10),"") | D10: =IFERROR(AVERAGEIFS(Data!$G$5:$G$68,Data!$B$5:$B$68,$A10,Data!$C$5:$C$68,$B10),"") | E10: =IFERROR(AVERAGEIFS(Data!$H$5:$H$68,Data!$B$5:$B$68,$A10,Data!$C$5:$C$68,$B10),"") | F10: =IFERROR(AVERAGEIFS(Data!$I$5:$I$68,Data!$B$5:$B$68,$A10,Data!$C$5:$C$68,$B10),"") | G10: =IFERROR(AVERAGEIFS(Data!$J$5:$J$68,Data!$B$5:$B$68,$A10,Data!$C$5:$C$68,$B10),"") | H10: =IFERROR(AVERAGEIFS(Data!$K$5:$K$68,Data!$B$5:$B$68,$A10,Data!$C$5:$C$68,$B10),"") | I10: =IFERROR(AVERAGEIFS(Data!$L$5:$L$68,Data!$B$5:$B$68,$A10,Data!$C$5:$C$68,$B10),"") | J10: =IFERROR(AVERAGEIFS(Data!$M$5:$M$68,Data!$B$5:$B$68,$A10,Data!$C$5:$C$68,$B10),"") | K10: =IFERROR(AVERAGEIFS(Data!$N$5:$N$68,Data!$B$5:$B$68,$A10,Data!$C$5:$C$68,$B10),"") | L10: =IFERROR(AVERAGEIFS(Data!$O$5:$O$68,Data!$B$5:$B$68,$A10,Data!$C$5:$C$68,$B10),"") | M10: =IFERROR(AVERAGEIFS(Data!$P$5:$P$68,Data!$B$5:$B$68,$A10,Data!$C$5:$C$68,$B10),"") | N10: =IFERROR(AVERAGEIFS(Data!$Q$5:$Q$68,Data!$B$5:$B$68,$A10,Data!$C$5:$C$68,$B10),"") | O10: =IFERROR(AVERAGEIFS(Data!$R$5:$R$68,Data!$B$5:$B$68,$A10,Data!$C$5:$C$68,$B10),"") | P10: =IFERROR(AVERAGEIFS(Data!$S$5:$S$68,Data!$B$5:$B$68,$A10,Data!$C$5:$C$68,$B10),"") | Q10: =IFERROR(AVERAGEIFS(Data!$T$5:$T$68,Data!$B$5:$B$68,$A10,Data!$C$5:$C$68,$B10),"") | R10: =IFERROR(AVERAGEIFS(Data!$U$5:$U$68,Data!$B$5:$B$68,$A10,Data!$C$5:$C$68,$B10),"") | S10: =IFERROR(AVERAGEIFS(Data!$V$5:$V$68,Data!$B$5:$B$68,$A10,Data!$C$5:$C$68,$B10),"") | T10: =IFERROR(AVERAGEIFS(Data!$W$5:$W$68,Data!$B$5:$B$68,$A10,Data!$C$5:$C$68,$B10),"") | U10: =IFERROR(AVERAGEIFS(Data!$X$5:$X$68,Data!$B$5:$B$68,$A10,Data!$C$5:$C$68,$B10),"") | V10: =IFERROR(AVERAGEIFS(Data!$Y$5:$Y$68,Data!$B$5:$B$68,$A10,Data!$C$5:$C$68,$B10),"") | W10: =IFERROR(AVERAGEIFS(Data!$Z$5:$Z$68,Data!$B$5:$B$68,$A10,Data!$C$5:$C$68,$B10),"") | X10: =IFERROR(AVERAGEIFS(Data!$AA$5:$AA$68,Data!$B$5:$B$68,$A10,Data!$C$5:$C$68,$B10),"") | Y10: =IFERROR(AVERAGEIFS(Data!$AB$5:$AB$68,Data!$B$5:$B$68,$A10,Data!$C$5:$C$68,$B10),"") | Z10: =IFERROR(AVERAGEIFS(Data!$AC$5:$AC$68,Data!$B$5:$B$68,$A10,Data!$C$5:$C$68,$B10),"") | AA10: =IFERROR(AVERAGEIFS(Data!$AD$5:$AD$68,Data!$B$5:$B$68,$A10,Data!$C$5:$C$68,$B10),"") | AB10: =IFERROR(AVERAGEIFS(Data!$AE$5:$AE$68,Data!$B$5:$B$68,$A10,Data!$C$5:$C$68,$B10),"") | AC10: =IFERROR(AVERAGEIFS(Data!$AF$5:$AF$68,Data!$B$5:$B$68,$A10,Data!$C$5:$C$68,$B10),"") | AD10: =IFERROR(AVERAGEIFS(Data!$AG$5:$AG$68,Data!$B$5:$B$68,$A10,Data!$C$5:$C$68,$B10),"") | AE10: =IFERROR(AVERAGEIFS(Data!$AH$5:$AH$68,Data!$B$5:$B$68,$A10,Data!$C$5:$C$68,$B10),"") | AF10: =IFERROR(AVERAGEIFS(Data!$AI$5:$AI$68,Data!$B$5:$B$68,$A10,Data!$C$5:$C$68,$B10),"") | AG10: =IFERROR(AVERAGEIFS(Data!$AJ$5:$AJ$68,Data!$B$5:$B$68,$A10,Data!$C$5:$C$68,$B10),"") | AH10: =IFERROR(AVERAGEIFS(Data!$AK$5:$AK$68,Data!$B$5:$B$68,$A10,Data!$C$5:$C$68,$B10),"") | AI10: =IFERROR(AVERAGEIFS(Data!$AL$5:$AL$68,Data!$B$5:$B$68,$A10,Data!$C$5:$C$68,$B10),"") | AJ10: =IFERROR(AVERAGEIFS(Data!$AM$5:$AM$68,Data!$B$5:$B$68,$A10,Data!$C$5:$C$68,$B10),"")
A11: IS-06 | B11: 150 | C11: =IFERROR(AVERAGEIFS(Data!$F$5:$F$68,Data!$B$5:$B$68,$A11,Data!$C$5:$C$68,$B11),"") | D11: =IFERROR(AVERAGEIFS(Data!$G$5:$G$68,Data!$B$5:$B$68,$A11,Data!$C$5:$C$68,$B11),"") | E11: =IFERROR(AVERAGEIFS(Data!$H$5:$H$68,Data!$B$5:$B$68,$A11,Data!$C$5:$C$68,$B11),"") | F11: =IFERROR(AVERAGEIFS(Data!$I$5:$I$68,Data!$B$5:$B$68,$A11,Data!$C$5:$C$68,$B11),"") | G11: =IFERROR(AVERAGEIFS(Data!$J$5:$J$68,Data!$B$5:$B$68,$A11,Data!$C$5:$C$68,$B11),"") | H11: =IFERROR(AVERAGEIFS(Data!$K$5:$K$68,Data!$B$5:$B$68,$A11,Data!$C$5:$C$68,$B11),"") | I11: =IFERROR(AVERAGEIFS(Data!$L$5:$L$68,Data!$B$5:$B$68,$A11,Data!$C$5:$C$68,$B11),"") | J11: =IFERROR(AVERAGEIFS(Data!$M$5:$M$68,Data!$B$5:$B$68,$A11,Data!$C$5:$C$68,$B11),"") | K11: =IFERROR(AVERAGEIFS(Data!$N$5:$N$68,Data!$B$5:$B$68,$A11,Data!$C$5:$C$68,$B11),"") | L11: =IFERROR(AVERAGEIFS(Data!$O$5:$O$68,Data!$B$5:$B$68,$A11,Data!$C$5:$C$68,$B11),"") | M11: =IFERROR(AVERAGEIFS(Data!$P$5:$P$68,Data!$B$5:$B$68,$A11,Data!$C$5:$C$68,$B11),"") | N11: =IFERROR(AVERAGEIFS(Data!$Q$5:$Q$68,Data!$B$5:$B$68,$A11,Data!$C$5:$C$68,$B11),"") | O11: =IFERROR(AVERAGEIFS(Data!$R$5:$R$68,Data!$B$5:$B$68,$A11,Data!$C$5:$C$68,$B11),"") | P11: =IFERROR(AVERAGEIFS(Data!$S$5:$S$68,Data!$B$5:$B$68,$A11,Data!$C$5:$C$68,$B11),"") | Q11: =IFERROR(AVERAGEIFS(Data!$T$5:$T$68,Data!$B$5:$B$68,$A11,Data!$C$5:$C$68,$B11),"") | R11: =IFERROR(AVERAGEIFS(Data!$U$5:$U$68,Data!$B$5:$B$68,$A11,Data!$C$5:$C$68,$B11),"") | S11: =IFERROR(AVERAGEIFS(Data!$V$5:$V$68,Data!$B$5:$B$68,$A11,Data!$C$5:$C$68,$B11),"") | T11: =IFERROR(AVERAGEIFS(Data!$W$5:$W$68,Data!$B$5:$B$68,$A11,Data!$C$5:$C$68,$B11),"") | U11: =IFERROR(AVERAGEIFS(Data!$X$5:$X$68,Data!$B$5:$B$68,$A11,Data!$C$5:$C$68,$B11),"") | V11: =IFERROR(AVERAGEIFS(Data!$Y$5:$Y$68,Data!$B$5:$B$68,$A11,Data!$C$5:$C$68,$B11),"") | W11: =IFERROR(AVERAGEIFS(Data!$Z$5:$Z$68,Data!$B$5:$B$68,$A11,Data!$C$5:$C$68,$B11),"") | X11: =IFERROR(AVERAGEIFS(Data!$AA$5:$AA$68,Data!$B$5:$B$68,$A11,Data!$C$5:$C$68,$B11),"") | Y11: =IFERROR(AVERAGEIFS(Data!$AB$5:$AB$68,Data!$B$5:$B$68,$A11,Data!$C$5:$C$68,$B11),"") | Z11: =IFERROR(AVERAGEIFS(Data!$AC$5:$AC$68,Data!$B$5:$B$68,$A11,Data!$C$5:$C$68,$B11),"") | AA11: =IFERROR(AVERAGEIFS(Data!$AD$5:$AD$68,Data!$B$5:$B$68,$A11,Data!$C$5:$C$68,$B11),"") | AB11: =IFERROR(AVERAGEIFS(Data!$AE$5:$AE$68,Data!$B$5:$B$68,$A11,Data!$C$5:$C$68,$B11),"") | AC11: =IFERROR(AVERAGEIFS(Data!$AF$5:$AF$68,Data!$B$5:$B$68,$A11,Data!$C$5:$C$68,$B11),"") | AD11: =IFERROR(AVERAGEIFS(Data!$AG$5:$AG$68,Data!$B$5:$B$68,$A11,Data!$C$5:$C$68,$B11),"") | AE11: =IFERROR(AVERAGEIFS(Data!$AH$5:$AH$68,Data!$B$5:$B$68,$A11,Data!$C$5:$C$68,$B11),"") | AF11: =IFERROR(AVERAGEIFS(Data!$AI$5:$AI$68,Data!$B$5:$B$68,$A11,Data!$C$5:$C$68,$B11),"") | AG11: =IFERROR(AVERAGEIFS(Data!$AJ$5:$AJ$68,Data!$B$5:$B$68,$A11,Data!$C$5:$C$68,$B11),"") | AH11: =IFERROR(AVERAGEIFS(Data!$AK$5:$AK$68,Data!$B$5:$B$68,$A11,Data!$C$5:$C$68,$B11),"") | AI11: =IFERROR(AVERAGEIFS(Data!$AL$5:$AL$68,Data!$B$5:$B$68,$A11,Data!$C$5:$C$68,$B11),"") | AJ11: =IFERROR(AVERAGEIFS(Data!$AM$5:$AM$68,Data!$B$5:$B$68,$A11,Data!$C$5:$C$68,$B11),"")
A12: IS-05 | B12: 0 | C12: =IFERROR(AVERAGEIFS(Data!$F$5:$F$68,Data!$B$5:$B$68,$A12,Data!$C$5:$C$68,$B12),"") | D12: =IFERROR(AVERAGEIFS(Data!$G$5:$G$68,Data!$B$5:$B$68,$A12,Data!$C$5:$C$68,$B12),"") | E12: =IFERROR(AVERAGEIFS(Data!$H$5:$H$68,Data!$B$5:$B$68,$A12,Data!$C$5:$C$68,$B12),"") | F12: =IFERROR(AVERAGEIFS(Data!$I$5:$I$68,Data!$B$5:$B$68,$A12,Data!$C$5:$C$68,$B12),"") | G12: =IFERROR(AVERAGEIFS(Data!$J$5:$J$68,Data!$B$5:$B$68,$A12,Data!$C$5:$C$68,$B12),"") | H12: =IFERROR(AVERAGEIFS(Data!$K$5:$K$68,Data!$B$5:$B$68,$A12,Data!$C$5:$C$68,$B12),"") | I12: =IFERROR(AVERAGEIFS(Data!$L$5:$L$68,Data!$B$5:$B$68,$A12,Data!$C$5:$C$68,$B12),"") | J12: =IFERROR(AVERAGEIFS(Data!$M$5:$M$68,Data!$B$5:$B$68,$A12,Data!$C$5:$C$68,$B12),"") | K12: =IFERROR(AVERAGEIFS(Data!$N$5:$N$68,Data!$B$5:$B$68,$A12,Data!$C$5:$C$68,$B12),"") | L12: =IFERROR(AVERAGEIFS(Data!$O$5:$O$68,Data!$B$5:$B$68,$A12,Data!$C$5:$C$68,$B12),"") | M12: =IFERROR(AVERAGEIFS(Data!$P$5:$P$68,Data!$B$5:$B$68,$A12,Data!$C$5:$C$68,$B12),"") | N12: =IFERROR(AVERAGEIFS(Data!$Q$5:$Q$68,Data!$B$5:$B$68,$A12,Data!$C$5:$C$68,$B12),"") | O12: =IFERROR(AVERAGEIFS(Data!$R$5:$R$68,Data!$B$5:$B$68,$A12,Data!$C$5:$C$68,$B12),"") | P12: =IFERROR(AVERAGEIFS(Data!$S$5:$S$68,Data!$B$5:$B$68,$A12,Data!$C$5:$C$68,$B12),"") | Q12: =IFERROR(AVERAGEIFS(Data!$T$5:$T$68,Data!$B$5:$B$68,$A12,Data!$C$5:$C$68,$B12),"") | R12: =IFERROR(AVERAGEIFS(Data!$U$5:$U$68,Data!$B$5:$B$68,$A12,Data!$C$5:$C$68,$B12),"") | S12: =IFERROR(AVERAGEIFS(Data!$V$5:$V$68,Data!$B$5:$B$68,$A12,Data!$C$5:$C$68,$B12),"") | T12: =IFERROR(AVERAGEIFS(Data!$W$5:$W$68,Data!$B$5:$B$68,$A12,Data!$C$5:$C$68,$B12),"") | U12: =IFERROR(AVERAGEIFS(Data!$X$5:$X$68,Data!$B$5:$B$68,$A12,Data!$C$5:$C$68,$B12),"") | V12: =IFERROR(AVERAGEIFS(Data!$Y$5:$Y$68,Data!$B$5:$B$68,$A12,Data!$C$5:$C$68,$B12),"") | W12: =IFERROR(AVERAGEIFS(Data!$Z$5:$Z$68,Data!$B$5:$B$68,$A12,Data!$C$5:$C$68,$B12),"") | X12: =IFERROR(AVERAGEIFS(Data!$AA$5:$AA$68,Data!$B$5:$B$68,$A12,Data!$C$5:$C$68,$B12),"") | Y12: =IFERROR(AVERAGEIFS(Data!$AB$5:$AB$68,Data!$B$5:$B$68,$A12,Data!$C$5:$C$68,$B12),"") | Z12: =IFERROR(AVERAGEIFS(Data!$AC$5:$AC$68,Data!$B$5:$B$68,$A12,Data!$C$5:$C$68,$B12),"") | AA12: =IFERROR(AVERAGEIFS(Data!$AD$5:$AD$68,Data!$B$5:$B$68,$A12,Data!$C$5:$C$68,$B12),"") | AB12: =IFERROR(AVERAGEIFS(Data!$AE$5:$AE$68,Data!$B$5:$B$68,$A12,Data!$C$5:$C$68,$B12),"") | AC12: =IFERROR(AVERAGEIFS(Data!$AF$5:$AF$68,Data!$B$5:$B$68,$A12,Data!$C$5:$C$68,$B12),"") | AD12: =IFERROR(AVERAGEIFS(Data!$AG$5:$AG$68,Data!$B$5:$B$68,$A12,Data!$C$5:$C$68,$B12),"") | AE12: =IFERROR(AVERAGEIFS(Data!$AH$5:$AH$68,Data!$B$5:$B$68,$A12,Data!$C$5:$C$68,$B12),"") | AF12: =IFERROR(AVERAGEIFS(Data!$AI$5:$AI$68,Data!$B$5:$B$68,$A12,Data!$C$5:$C$68,$B12),"") | AG12: =IFERROR(AVERAGEIFS(Data!$AJ$5:$AJ$68,Data!$B$5:$B$68,$A12,Data!$C$5:$C$68,$B12),"") | AH12: =IFERROR(AVERAGEIFS(Data!$AK$5:$AK$68,Data!$B$5:$B$68,$A12,Data!$C$5:$C$68,$B12),"") | AI12: =IFERROR(AVERAGEIFS(Data!$AL$5:$AL$68,Data!$B$5:$B$68,$A12,Data!$C$5:$C$68,$B12),"") | AJ12: =IFERROR(AVERAGEIFS(Data!$AM$5:$AM$68,Data!$B$5:$B$68,$A12,Data!$C$5:$C$68,$B12),"")
A13: IS-05 | B13: 50 | C13: =IFERROR(AVERAGEIFS(Data!$F$5:$F$68,Data!$B$5:$B$68,$A13,Data!$C$5:$C$68,$B13),"") | D13: =IFERROR(AVERAGEIFS(Data!$G$5:$G$68,Data!$B$5:$B$68,$A13,Data!$C$5:$C$68,$B13),"") | E13: =IFERROR(AVERAGEIFS(Data!$H$5:$H$68,Data!$B$5:$B$68,$A13,Data!$C$5:$C$68,$B13),"") | F13: =IFERROR(AVERAGEIFS(Data!$I$5:$I$68,Data!$B$5:$B$68,$A13,Data!$C$5:$C$68,$B13),"") | G13: =IFERROR(AVERAGEIFS(Data!$J$5:$J$68,Data!$B$5:$B$68,$A13,Data!$C$5:$C$68,$B13),"") | H13: =IFERROR(AVERAGEIFS(Data!$K$5:$K$68,Data!$B$5:$B$68,$A13,Data!$C$5:$C$68,$B13),"") | I13: =IFERROR(AVERAGEIFS(Data!$L$5:$L$68,Data!$B$5:$B$68,$A13,Data!$C$5:$C$68,$B13),"") | J13: =IFERROR(AVERAGEIFS(Data!$M$5:$M$68,Data!$B$5:$B$68,$A13,Data!$C$5:$C$68,$B13),"") | K13: =IFERROR(AVERAGEIFS(Data!$N$5:$N$68,Data!$B$5:$B$68,$A13,Data!$C$5:$C$68,$B13),"") | L13: =IFERROR(AVERAGEIFS(Data!$O$5:$O$68,Data!$B$5:$B$68,$A13,Data!$C$5:$C$68,$B13),"") | M13: =IFERROR(AVERAGEIFS(Data!$P$5:$P$68,Data!$B$5:$B$68,$A13,Data!$C$5:$C$68,$B13),"") | N13: =IFERROR(AVERAGEIFS(Data!$Q$5:$Q$68,Data!$B$5:$B$68,$A13,Data!$C$5:$C$68,$B13),"") | O13: =IFERROR(AVERAGEIFS(Data!$R$5:$R$68,Data!$B$5:$B$68,$A13,Data!$C$5:$C$68,$B13),"") | P13: =IFERROR(AVERAGEIFS(Data!$S$5:$S$68,Data!$B$5:$B$68,$A13,Data!$C$5:$C$68,$B13),"") | Q13: =IFERROR(AVERAGEIFS(Data!$T$5:$T$68,Data!$B$5:$B$68,$A13,Data!$C$5:$C$68,$B13),"") | R13: =IFERROR(AVERAGEIFS(Data!$U$5:$U$68,Data!$B$5:$B$68,$A13,Data!$C$5:$C$68,$B13),"") | S13: =IFERROR(AVERAGEIFS(Data!$V$5:$V$68,Data!$B$5:$B$68,$A13,Data!$C$5:$C$68,$B13),"") | T13: =IFERROR(AVERAGEIFS(Data!$W$5:$W$68,Data!$B$5:$B$68,$A13,Data!$C$5:$C$68,$B13),"") | U13: =IFERROR(AVERAGEIFS(Data!$X$5:$X$68,Data!$B$5:$B$68,$A13,Data!$C$5:$C$68,$B13),"") | V13: =IFERROR(AVERAGEIFS(Data!$Y$5:$Y$68,Data!$B$5:$B$68,$A13,Data!$C$5:$C$68,$B13),"") | W13: =IFERROR(AVERAGEIFS(Data!$Z$5:$Z$68,Data!$B$5:$B$68,$A13,Data!$C$5:$C$68,$B13),"") | X13: =IFERROR(AVERAGEIFS(Data!$AA$5:$AA$68,Data!$B$5:$B$68,$A13,Data!$C$5:$C$68,$B13),"") | Y13: =IFERROR(AVERAGEIFS(Data!$AB$5:$AB$68,Data!$B$5:$B$68,$A13,Data!$C$5:$C$68,$B13),"") | Z13: =IFERROR(AVERAGEIFS(Data!$AC$5:$AC$68,Data!$B$5:$B$68,$A13,Data!$C$5:$C$68,$B13),"") | AA13: =IFERROR(AVERAGEIFS(Data!$AD$5:$AD$68,Data!$B$5:$B$68,$A13,Data!$C$5:$C$68,$B13),"") | AB13: =IFERROR(AVERAGEIFS(Data!$AE$5:$AE$68,Data!$B$5:$B$68,$A13,Data!$C$5:$C$68,$B13),"") | AC13: =IFERROR(AVERAGEIFS(Data!$AF$5:$AF$68,Data!$B$5:$B$68,$A13,Data!$C$5:$C$68,$B13),"") | AD13: =IFERROR(AVERAGEIFS(Data!$AG$5:$AG$68,Data!$B$5:$B$68,$A13,Data!$C$5:$C$68,$B13),"") | AE13: =IFERROR(AVERAGEIFS(Data!$AH$5:$AH$68,Data!$B$5:$B$68,$A13,Data!$C$5:$C$68,$B13),"") | AF13: =IFERROR(AVERAGEIFS(Data!$AI$5:$AI$68,Data!$B$5:$B$68,$A13,Data!$C$5:$C$68,$B13),"") | AG13: =IFERROR(AVERAGEIFS(Data!$AJ$5:$AJ$68,Data!$B$5:$B$68,$A13,Data!$C$5:$C$68,$B13),"") | AH13: =IFERROR(AVERAGEIFS(Data!$AK$5:$AK$68,Data!$B$5:$B$68,$A13,Data!$C$5:$C$68,$B13),"") | AI13: =IFERROR(AVERAGEIFS(Data!$AL$5:$AL$68,Data!$B$5:$B$68,$A13,Data!$C$5:$C$68,$B13),"") | AJ13: =IFERROR(AVERAGEIFS(Data!$AM$5:$AM$68,Data!$B$5:$B$68,$A13,Data!$C$5:$C$68,$B13),"")
A14: IS-05 | B14: 100 | C14: =IFERROR(AVERAGEIFS(Data!$F$5:$F$68,Data!$B$5:$B$68,$A14,Data!$C$5:$C$68,$B14),"") | D14: =IFERROR(AVERAGEIFS(Data!$G$5:$G$68,Data!$B$5:$B$68,$A14,Data!$C$5:$C$68,$B14),"") | E14: =IFERROR(AVERAGEIFS(Data!$H$5:$H$68,Data!$B$5:$B$68,$A14,Data!$C$5:$C$68,$B14),"") | F14: =IFERROR(AVERAGEIFS(Data!$I$5:$I$68,Data!$B$5:$B$68,$A14,Data!$C$5:$C$68,$B14),"") | G14: =IFERROR(AVERAGEIFS(Data!$J$5:$J$68,Data!$B$5:$B$68,$A14,Data!$C$5:$C$68,$B14),"") | H14: =IFERROR(AVERAGEIFS(Data!$K$5:$K$68,Data!$B$5:$B$68,$A14,Data!$C$5:$C$68,$B14),"") | I14: =IFERROR(AVERAGEIFS(Data!$L$5:$L$68,Data!$B$5:$B$68,$A14,Data!$C$5:$C$68,$B14),"") | J14: =IFERROR(AVERAGEIFS(Data!$M$5:$M$68,Data!$B$5:$B$68,$A14,Data!$C$5:$C$68,$B14),"") | K14: =IFERROR(AVERAGEIFS(Data!$N$5:$N$68,Data!$B$5:$B$68,$A14,Data!$C$5:$C$68,$B14),"") | L14: =IFERROR(AVERAGEIFS(Data!$O$5:$O$68,Data!$B$5:$B$68,$A14,Data!$C$5:$C$68,$B14),"") | M14: =IFERROR(AVERAGEIFS(Data!$P$5:$P$68,Data!$B$5:$B$68,$A14,Data!$C$5:$C$68,$B14),"") | N14: =IFERROR(AVERAGEIFS(Data!$Q$5:$Q$68,Data!$B$5:$B$68,$A14,Data!$C$5:$C$68,$B14),"") | O14: =IFERROR(AVERAGEIFS(Data!$R$5:$R$68,Data!$B$5:$B$68,$A14,Data!$C$5:$C$68,$B14),"") | P14: =IFERROR(AVERAGEIFS(Data!$S$5:$S$68,Data!$B$5:$B$68,$A14,Data!$C$5:$C$68,$B14),"") | Q14: =IFERROR(AVERAGEIFS(Data!$T$5:$T$68,Data!$B$5:$B$68,$A14,Data!$C$5:$C$68,$B14),"") | R14: =IFERROR(AVERAGEIFS(Data!$U$5:$U$68,Data!$B$5:$B$68,$A14,Data!$C$5:$C$68,$B14),"") | S14: =IFERROR(AVERAGEIFS(Data!$V$5:$V$68,Data!$B$5:$B$68,$A14,Data!$C$5:$C$68,$B14),"") | T14: =IFERROR(AVERAGEIFS(Data!$W$5:$W$68,Data!$B$5:$B$68,$A14,Data!$C$5:$C$68,$B14),"") | U14: =IFERROR(AVERAGEIFS(Data!$X$5:$X$68,Data!$B$5:$B$68,$A14,Data!$C$5:$C$68,$B14),"") | V14: =IFERROR(AVERAGEIFS(Data!$Y$5:$Y$68,Data!$B$5:$B$68,$A14,Data!$C$5:$C$68,$B14),"") | W14: =IFERROR(AVERAGEIFS(Data!$Z$5:$Z$68,Data!$B$5:$B$68,$A14,Data!$C$5:$C$68,$B14),"") | X14: =IFERROR(AVERAGEIFS(Data!$AA$5:$AA$68,Data!$B$5:$B$68,$A14,Data!$C$5:$C$68,$B14),"") | Y14: =IFERROR(AVERAGEIFS(Data!$AB$5:$AB$68,Data!$B$5:$B$68,$A14,Data!$C$5:$C$68,$B14),"") | Z14: =IFERROR(AVERAGEIFS(Data!$AC$5:$AC$68,Data!$B$5:$B$68,$A14,Data!$C$5:$C$68,$B14),"") | AA14: =IFERROR(AVERAGEIFS(Data!$AD$5:$AD$68,Data!$B$5:$B$68,$A14,Data!$C$5:$C$68,$B14),"") | AB14: =IFERROR(AVERAGEIFS(Data!$AE$5:$AE$68,Data!$B$5:$B$68,$A14,Data!$C$5:$C$68,$B14),"") | AC14: =IFERROR(AVERAGEIFS(Data!$AF$5:$AF$68,Data!$B$5:$B$68,$A14,Data!$C$5:$C$68,$B14),"") | AD14: =IFERROR(AVERAGEIFS(Data!$AG$5:$AG$68,Data!$B$5:$B$68,$A14,Data!$C$5:$C$68,$B14),"") | AE14: =IFERROR(AVERAGEIFS(Data!$AH$5:$AH$68,Data!$B$5:$B$68,$A14,Data!$C$5:$C$68,$B14),"") | AF14: =IFERROR(AVERAGEIFS(Data!$AI$5:$AI$68,Data!$B$5:$B$68,$A14,Data!$C$5:$C$68,$B14),"") | AG14: =IFERROR(AVERAGEIFS(Data!$AJ$5:$AJ$68,Data!$B$5:$B$68,$A14,Data!$C$5:$C$68,$B14),"") | AH14: =IFERROR(AVERAGEIFS(Data!$AK$5:$AK$68,Data!$B$5:$B$68,$A14,Data!$C$5:$C$68,$B14),"") | AI14: =IFERROR(AVERAGEIFS(Data!$AL$5:$AL$68,Data!$B$5:$B$68,$A14,Data!$C$5:$C$68,$B14),"") | AJ14: =IFERROR(AVERAGEIFS(Data!$AM$5:$AM$68,Data!$B$5:$B$68,$A14,Data!$C$5:$C$68,$B14),"")
A15: IS-05 | B15: 150 | C15: =IFERROR(AVERAGEIFS(Data!$F$5:$F$68,Data!$B$5:$B$68,$A15,Data!$C$5:$C$68,$B15),"") | D15: =IFERROR(AVERAGEIFS(Data!$G$5:$G$68,Data!$B$5:$B$68,$A15,Data!$C$5:$C$68,$B15),"") | E15: =IFERROR(AVERAGEIFS(Data!$H$5:$H$68,Data!$B$5:$B$68,$A15,Data!$C$5:$C$68,$B15),"") | F15: =IFERROR(AVERAGEIFS(Data!$I$5:$I$68,Data!$B$5:$B$68,$A15,Data!$C$5:$C$68,$B15),"") | G15: =IFERROR(AVERAGEIFS(Data!$J$5:$J$68,Data!$B$5:$B$68,$A15,Data!$C$5:$C$68,$B15),"") | H15: =IFERROR(AVERAGEIFS(Data!$K$5:$K$68,Data!$B$5:$B$68,$A15,Data!$C$5:$C$68,$B15),"") | I15: =IFERROR(AVERAGEIFS(Data!$L$5:$L$68,Data!$B$5:$B$68,$A15,Data!$C$5:$C$68,$B15),"") | J15: =IFERROR(AVERAGEIFS(Data!$M$5:$M$68,Data!$B$5:$B$68,$A15,Data!$C$5:$C$68,$B15),"") | K15: =IFERROR(AVERAGEIFS(Data!$N$5:$N$68,Data!$B$5:$B$68,$A15,Data!$C$5:$C$68,$B15),"") | L15: =IFERROR(AVERAGEIFS(Data!$O$5:$O$68,Data!$B$5:$B$68,$A15,Data!$C$5:$C$68,$B15),"") | M15: =IFERROR(AVERAGEIFS(Data!$P$5:$P$68,Data!$B$5:$B$68,$A15,Data!$C$5:$C$68,$B15),"") | N15: =IFERROR(AVERAGEIFS(Data!$Q$5:$Q$68,Data!$B$5:$B$68,$A15,Data!$C$5:$C$68,$B15),"") | O15: =IFERROR(AVERAGEIFS(Data!$R$5:$R$68,Data!$B$5:$B$68,$A15,Data!$C$5:$C$68,$B15),"") | P15: =IFERROR(AVERAGEIFS(Data!$S$5:$S$68,Data!$B$5:$B$68,$A15,Data!$C$5:$C$68,$B15),"") | Q15: =IFERROR(AVERAGEIFS(Data!$T$5:$T$68,Data!$B$5:$B$68,$A15,Data!$C$5:$C$68,$B15),"") | R15: =IFERROR(AVERAGEIFS(Data!$U$5:$U$68,Data!$B$5:$B$68,$A15,Data!$C$5:$C$68,$B15),"") | S15: =IFERROR(AVERAGEIFS(Data!$V$5:$V$68,Data!$B$5:$B$68,$A15,Data!$C$5:$C$68,$B15),"") | T15: =IFERROR(AVERAGEIFS(Data!$W$5:$W$68,Data!$B$5:$B$68,$A15,Data!$C$5:$C$68,$B15),"") | U15: =IFERROR(AVERAGEIFS(Data!$X$5:$X$68,Data!$B$5:$B$68,$A15,Data!$C$5:$C$68,$B15),"") | V15: =IFERROR(AVERAGEIFS(Data!$Y$5:$Y$68,Data!$B$5:$B$68,$A15,Data!$C$5:$C$68,$B15),"") | W15: =IFERROR(AVERAGEIFS(Data!$Z$5:$Z$68,Data!$B$5:$B$68,$A15,Data!$C$5:$C$68,$B15),"") | X15: =IFERROR(AVERAGEIFS(Data!$AA$5:$AA$68,Data!$B$5:$B$68,$A15,Data!$C$5:$C$68,$B15),"") | Y15: =IFERROR(AVERAGEIFS(Data!$AB$5:$AB$68,Data!$B$5:$B$68,$A15,Data!$C$5:$C$68,$B15),"") | Z15: =IFERROR(AVERAGEIFS(Data!$AC$5:$AC$68,Data!$B$5:$B$68,$A15,Data!$C$5:$C$68,$B15),"") | AA15: =IFERROR(AVERAGEIFS(Data!$AD$5:$AD$68,Data!$B$5:$B$68,$A15,Data!$C$5:$C$68,$B15),"") | AB15: =IFERROR(AVERAGEIFS(Data!$AE$5:$AE$68,Data!$B$5:$B$68,$A15,Data!$C$5:$C$68,$B15),"") | AC15: =IFERROR(AVERAGEIFS(Data!$AF$5:$AF$68,Data!$B$5:$B$68,$A15,Data!$C$5:$C$68,$B15),"") | AD15: =IFERROR(AVERAGEIFS(Data!$AG$5:$AG$68,Data!$B$5:$B$68,$A15,Data!$C$5:$C$68,$B15),"") | AE15: =IFERROR(AVERAGEIFS(Data!$AH$5:$AH$68,Data!$B$5:$B$68,$A15,Data!$C$5:$C$68,$B15),"") | AF15: =IFERROR(AVERAGEIFS(Data!$AI$5:$AI$68,Data!$B$5:$B$68,$A15,Data!$C$5:$C$68,$B15),"") | AG15: =IFERROR(AVERAGEIFS(Data!$AJ$5:$AJ$68,Data!$B$5:$B$68,$A15,Data!$C$5:$C$68,$B15),"") | AH15: =IFERROR(AVERAGEIFS(Data!$AK$5:$AK$68,Data!$B$5:$B$68,$A15,Data!$C$5:$C$68,$B15),"") | AI15: =IFERROR(AVERAGEIFS(Data!$AL$5:$AL$68,Data!$B$5:$B$68,$A15,Data!$C$5:$C$68,$B15),"") | AJ15: =IFERROR(AVERAGEIFS(Data!$AM$5:$AM$68,Data!$B$5:$B$68,$A15,Data!$C$5:$C$68,$B15),"")
... A19: C4-5 | B19: 150 | C19: =IFERROR(AVERAGEIFS(Data!$F$5:$F$68,Data!$B$5:$B$68,$A19,Data!$C$5:$C$68,$B19),"") | D19: =IFERROR(AVERAGEIFS(Data!$G$5:$G$68,Data!$B$5:$B$68,$A19,Data!$C$5:$C$68,$B19),"") | E19: =IFERROR(AVERAGEIFS(Data!$H$5:$H$68,Data!$B$5:$B$68,$A19,Data!$C$5:$C$68,$B19),"") | F19: =IFERROR(AVERAGEIFS(Data!$I$5:$I$68,Data!$B$5:$B$68,$A19,Data!$C$5:$C$68,$B19),"") | G19: =IFERROR(AVERAGEIFS(Data!$J$5:$J$68,Data!$B$5:$B$68,$A19,Data!$C$5:$C$68,$B19),"") | H19: =IFERROR(AVERAGEIFS(Data!$K$5:$K$68,Data!$B$5:$B$68,$A19,Data!$C$5:$C$68,$B19),"") | I19: =IFERROR(AVERAGEIFS(Data!$L$5:$L$68,Data!$B$5:$B$68,$A19,Data!$C$5:$C$68,$B19),"") | J19: =IFERROR(AVERAGEIFS(Data!$M$5:$M$68,Data!$B$5:$B$68,$A19,Data!$C$5:$C$68,$B19),"") | K19: =IFERROR(AVERAGEIFS(Data!$N$5:$N$68,Data!$B$5:$B$68,$A19,Data!$C$5:$C$68,$B19),"") | L19: =IFERROR(AVERAGEIFS(Data!$O$5:$O$68,Data!$B$5:$B$68,$A19,Data!$C$5:$C$68,$B19),"") | M19: =IFERROR(AVERAGEIFS(Data!$P$5:$P$68,Data!$B$5:$B$68,$A19,Data!$C$5:$C$68,$B19),"") | N19: =IFERROR(AVERAGEIFS(Data!$Q$5:$Q$68,Data!$B$5:$B$68,$A19,Data!$C$5:$C$68,$B19),"") | O19: =IFERROR(AVERAGEIFS(Data!$R$5:$R$68,Data!$B$5:$B$68,$A19,Data!$C$5:$C$68,$B19),"") | P19: =IFERROR(AVERAGEIFS(Data!$S$5:$S$68,Data!$B$5:$B$68,$A19,Data!$C$5:$C$68,$B19),"") | Q19: =IFERROR(AVERAGEIFS(Data!$T$5:$T$68,Data!$B$5:$B$68,$A19,Data!$C$5:$C$68,$B19),"") | R19: =IFERROR(AVERAGEIFS(Data!$U$5:$U$68,Data!$B$5:$B$68,$A19,Data!$C$5:$C$68,$B19),"") | S19: =IFERROR(AVERAGEIFS(Data!$V$5:$V$68,Data!$B$5:$B$68,$A19,Data!$C$5:$C$68,$B19),"") | T19: =IFERROR(AVERAGEIFS(Data!$W$5:$W$68,Data!$B$5:$B$68,$A19,Data!$C$5:$C$68,$B19),"") | U19: =IFERROR(AVERAGEIFS(Data!$X$5:$X$68,Data!$B$5:$B$68,$A19,Data!$C$5:$C$68,$B19),"") | V19: =IFERROR(AVERAGEIFS(Data!$Y$5:$Y$68,Data!$B$5:$B$68,$A19,Data!$C$5:$C$68,$B19),"") | W19: =IFERROR(AVERAGEIFS(Data!$Z$5:$Z$68,Data!$B$5:$B$68,$A19,Data!$C$5:$C$68,$B19),"") | X19: =IFERROR(AVERAGEIFS(Data!$AA$5:$AA$68,Data!$B$5:$B$68,$A19,Data!$C$5:$C$68,$B19),"") | Y19: =IFERROR(AVERAGEIFS(Data!$AB$5:$AB$68,Data!$B$5:$B$68,$A19,Data!$C$5:$C$68,$B19),"") | Z19: =IFERROR(AVERAGEIFS(Data!$AC$5:$AC$68,Data!$B$5:$B$68,$A19,Data!$C$5:$C$68,$B19),"") | AA19: =IFERROR(AVERAGEIFS(Data!$AD$5:$AD$68,Data!$B$5:$B$68,$A19,Data!$C$5:$C$68,$B19),"") | AB19: =IFERROR(AVERAGEIFS(Data!$AE$5:$AE$68,Data!$B$5:$B$68,$A19,Data!$C$5:$C$68,$B19),"") | AC19: =IFERROR(AVERAGEIFS(Data!$AF$5:$AF$68,Data!$B$5:$B$68,$A19,Data!$C$5:$C$68,$B19),"") | AD19: =IFERROR(AVERAGEIFS(Data!$AG$5:$AG$68,Data!$B$5:$B$68,$A19,Data!$C$5:$C$68,$B19),"") | AE19: =IFERROR(AVERAGEIFS(Data!$AH$5:$AH$68,Data!$B$5:$B$68,$A19,Data!$C$5:$C$68,$B19),"") | AF19: =IFERROR(AVERAGEIFS(Data!$AI$5:$AI$68,Data!$B$5:$B$68,$A19,Data!$C$5:$C$68,$B19),"") | AG19: =IFERROR(AVERAGEIFS(Data!$AJ$5:$AJ$68,Data!$B$5:$B$68,$A19,Data!$C$5:$C$68,$B19),"") | AH19: =IFERROR(AVERAGEIFS(Data!$AK$5:$AK$68,Data!$B$5:$B$68,$A19,Data!$C$5:$C$68,$B19),"") | AI19: =IFERROR(AVERAGEIFS(Data!$AL$5:$AL$68,Data!$B$5:$B$68,$A19,Data!$C$5:$C$68,$B19),"") | AJ19: =IFERROR(AVERAGEIFS(Data!$AM$5:$AM$68,Data!$B$5:$B$68,$A19,Data!$C$5:$C$68,$B19),"")

Sheet Methods
A1: Short method and unit guide (calculate each value with the lab formula, then enter the final value in the Data sheet)
A3: NaCl solutions | B3: 50, 100, 150 mM = 2.922, 5.844, 8.766 g NaCl per litre; 500 mL per pot on alternate days for 30 days. Note the exact start day.
A4: Dry weight | B4: Oven 70 °C for 72 h, to constant weight.
A5: Relative water content | B5: (Fresh wt − Dry wt) / (Turgid wt − Dry wt) × 100; turgid wt after 4 h floating on water in the dark.
A6: Electrolyte leakage | B6: EC1 (leaf discs in water, 2 h) / EC2 (after boiling 20 min) × 100.
A7: Chlorophyll / carotenoids | B7: DMSO extraction at 60 °C; Chl a = 12.7 A663 − 2.69 A645; Chl b = 22.9 A645 − 4.68 A663 (mg/L) × V / (1000 × W). Carotenoids at 480 nm.
A8: Proline | B8: Acid-ninhydrin, toluene layer at 520 nm, proline standard curve.
A9: Soluble sugars / protein | B9: Anthrone at 620 nm (glucose standard); Lowry at 660 nm (BSA standard).
A10: MDA | B10: [(A532 − A600) / 155] × 1000 × extract volume (mL) / fresh weight (g) = nmol/g FW.
A11: H₂O₂ | B11: KI method at 390 nm, H₂O₂ standard curve.
A12: SOD | B12: NBT method at 560 nm; 1 unit = 50% inhibition; divide by protein (mg).
A13: CAT / APX / POD | B13: Rate per minute at 240 / 290 / 470 nm; ε = 0.0436 / 2.8 / 26.6 mM⁻¹ cm⁻¹; divide by protein (mg).
A14: Na⁺, K⁺, Ca²⁺, Mg²⁺ | B14: Dry tissue digested or ashed; Na⁺ and K⁺ by flame photometer; Ca²⁺ and Mg²⁺ by EDTA titration or AAS. mg/g DW = reading (mg/L) × volume (mL) / 1000 × dilution / dry weight (g).
A15: Important | B15: Enter every pot separately (not only averages). Keep the raw readings in your notebook.
